industry,levered_beta,as_of_date,source
Semiconductors,1.52,2026-01-01,"Damodaran US 'Betas by Sector' (Semiconductor), Jan 2026 — levered (regression) industry-average beta"
Semiconductor Equipment,1.52,2026-01-01,"Damodaran US 'Betas by Sector' (Semiconductor Equip), Jan 2026 — levered industry-average beta"
Bank (Money Center),0.76,2026-01-01,"Damodaran US 'Betas by Sector' (Bank Money Center), Jan 2026 — levered industry-average beta"
Banks (Regional),0.45,2026-01-01,"Damodaran US 'Betas by Sector' (Banks Regional), Jan 2026 — levered industry-average beta"
Brokerage & Investment Banking,1.05,2026-01-01,"Damodaran US 'Betas by Sector' (Brokerage & Inv Banking), Jan 2026 — levered industry-average beta"
Financial Svcs. (Non-bank & Insurance),0.85,2026-01-01,"Damodaran US 'Betas by Sector' (Financial Svcs non-bank), Jan 2026 — levered; consumer-finance / fintech-lender proxy"
Insurance (General),0.55,2026-01-01,"Damodaran US 'Betas by Sector' (Insurance General), Jan 2026 — levered industry-average beta"
Insurance (Diversified),0.75,2026-01-01,"Damodaran US 'Betas by Sector' (Insurance Diversified), Jan 2026 — levered industry-average beta"
Investments & Asset Management,0.80,2026-01-01,"Damodaran US 'Betas by Sector' (Investments & Asset Mgmt), Jan 2026 — levered industry-average beta"
