ticker,as_of_date,fiscal_year_used,filing_date,days_since_filing,base_iv,bull_iv,bear_iv,current_price,upside_pct,conviction_score,roic_wacc_spread,implied_ev_ebitda,justified_ev_ebitda,ev_ebitda_gap_pct,moat_fingerprint_score,moat_components,rdcf_implied_growth,rdcf_growth_gap,beneish_m_score,beneish_flagged,price_momentum_180d,data_quality_warnings,cagr_window_used,cagr_data_density,return_6m,return_12m,return_24m,rf_mode
AAPL,2020-01-01,2019,2019-10-31,62,243.4896648959723,474.360751807331,76.10564354929052,70.78546142578125,2.4398259189321228,17.0,0.27984072684386013,57.92588718179475,16.81269268939918,2.4453664414099743,5.0,"{'roic_persistence': 5.0, 'gm_stability': 5.0, 'capex_intensity': 4.0}",0.09654595038160736,0.04405866894326889,-2.908,False,0.4476363742747087,Split adjustment applied: factor=4 (period_end=2019-09-28),11,2.2,0.23827774371868396,0.8131755233244434,1.3914127108538141,normalized
AAPL,2020-01-01,2019,2019-10-31,62,214.01793283642158,397.45449473145726,70.72392693149305,70.78547668457031,2.0234723683519786,17.0,0.2755009550262548,50.759731694306375,14.926731396158988,2.400592557548673,5.0,"{'roic_persistence': 5.0, 'gm_stability': 5.0, 'capex_intensity': 4.0}",0.09654594629371746,0.04405866485537899,-2.908,False,0.4476363475228209,Split adjustment applied: factor=4 (period_end=2019-09-28),11,2.2,0.2382776923546189,0.8131740546501754,1.3914121953517107,spot
AAPL,2020-04-01,2019,2019-10-31,153,284.8209819861371,585.1400902109043,82.8533082918625,58.21009826660156,3.892982325535002,18.0,0.2844976896109208,67.97574255413359,19.449738641446583,2.4949437525746547,5.0,"{'roic_persistence': 5.0, 'gm_stability': 5.0, 'capex_intensity': 4.0}",0.06300024282384328,0.01051296138550481,-2.908,False,0.06694319663968806,Split adjustment applied: factor=4 (period_end=2019-09-28),11,2.2,0.9173803893566652,1.0281361791542907,1.8415555288179872,normalized
AAPL,2020-04-01,2019,2019-10-31,153,420.72160936533305,585.1400902109043,100.16861414021687,58.210105895996094,6.22763861857657,18.0,0.2936265996548896,101.02045891755265,28.084871556221028,2.5969706578620895,5.0,"{'roic_persistence': 5.0, 'gm_stability': 5.0, 'capex_intensity': 4.0}",0.0630002266704226,0.010512945232084125,-2.908,False,0.06694333648021122,Split adjustment applied: factor=4 (period_end=2019-09-28),11,2.2,0.9173802691188334,1.0281357822670965,1.8415548942522755,spot
AAPL,2020-07-01,2019,2019-10-31,244,322.25785838836424,585.1400902109043,88.2849070851078,88.21656799316406,2.6530310090201663,16.0,0.2877384139165475,77.07865095198952,21.832762768270914,2.5304121503122943,5.0,"{'roic_persistence': 5.0, 'gm_stability': 5.0, 'capex_intensity': 4.0}",0.13360701608614547,0.081119734647807,-2.908,False,0.23041412523412008,Split adjustment applied: factor=4 (period_end=2019-09-28),11,2.2,0.5069366884372036,0.4721580264577839,0.511268713370433,normalized
AAPL,2020-07-01,2019,2019-10-31,244,447.35375228121836,585.1400902109043,108.1908930430795,88.21656799316406,4.071085425992587,16.0,0.2968853820818193,107.49615830008686,29.121786274307205,2.6912625237870698,5.0,"{'roic_persistence': 5.0, 'gm_stability': 5.0, 'capex_intensity': 4.0}",0.13360697342358144,0.08111969198524296,-2.908,False,0.23041412523412008,Split adjustment applied: factor=4 (period_end=2019-09-28),11,2.2,0.5069372073461595,0.4721587183363917,0.5112681944614772,spot
AAPL,2020-10-01,2019,2019-10-31,336,332.85175262740177,585.1400902109043,89.71934696024124,113.38761901855469,1.9355211398603764,16.0,0.2885300695797813,79.65459366148318,22.50638218266084,2.539200259509053,5.0,"{'roic_persistence': 5.0, 'gm_stability': 5.0, 'capex_intensity': 4.0}",0.17528595379276252,0.12279867235442404,-2.908,False,0.9438681361139398,Split adjustment applied: factor=4 (period_end=2019-09-28),11,2.2,0.029936733705460565,0.266075052641169,0.33209670714634737,normalized
AAPL,2020-10-01,2019,2019-10-31,336,453.9317250343012,585.1400902109043,111.52757650778312,113.3875961303711,3.003363158985912,16.0,0.2981058899090641,109.09561555104872,29.233951019356773,2.73181221651541,5.0,"{'roic_persistence': 5.0, 'gm_stability': 5.0, 'capex_intensity': 4.0}",0.17528587562589606,0.12279859418755759,-2.908,False,0.9438678708529797,Split adjustment applied: factor=4 (period_end=2019-09-28),11,2.2,0.029936874320369636,0.26607571192426505,0.3320969760406095,spot
AAPL,2021-01-01,2020,2020-10-30,63,253.10886767257287,382.55239572228464,77.75497441113042,129.04660034179688,0.9613757123564727,16.0,0.3249769733545513,56.34326383252145,25.287013050148357,1.2281502256032921,5.0,"{'roic_persistence': 5.0, 'gm_stability': 5.0, 'capex_intensity': 4.0}",0.17767677014797112,0.12303852853146724,-3.1928,False,0.46283859458006504,,12,2.4,0.035478772047195774,0.3674109320841253,0.008496194602514922,normalized
AAPL,2021-01-01,2020,2020-10-30,63,322.84418858010775,382.55239572228464,96.75532204790557,129.04664611816406,1.5017634963134898,16.0,0.3345611258309659,72.14714814450357,30.51210964161995,1.3645414555698723,5.0,"{'roic_persistence': 5.0, 'gm_stability': 5.0, 'capex_intensity': 4.0}",0.17767678396464937,0.12303854234814549,-3.1928,False,0.46283911348902107,,12,2.4,0.035478641219476754,0.36741021054128903,0.008495955103822174,spot
AAPL,2021-04-01,2020,2020-10-30,153,266.55484148988245,382.55239572228464,79.64905666194042,119.80146026611328,1.2249715562547232,16.0,0.32613982741317127,59.39048024889763,26.589759263891512,1.2335847293491295,5.0,"{'roic_persistence': 5.0, 'gm_stability': 5.0, 'capex_intensity': 4.0}",0.1654486518892951,0.11081041027279123,-3.1928,False,0.09180964266019798,,12,2.4,0.15743089193349108,0.4289303496353506,0.2986164026034641,normalized
AAPL,2021-04-01,2020,2020-10-30,153,326.62937580982396,382.55239572228464,99.32439185943744,119.80144500732422,1.7264226720291649,16.0,0.3355735001040916,73.00497256259074,30.599230514636048,1.385843412881622,5.0,"{'roic_persistence': 5.0, 'gm_stability': 5.0, 'capex_intensity': 4.0}",0.1654485870610642,0.11081034544456031,-3.1928,False,0.0918094276853727,,12,2.4,0.15743116671968332,0.428930786369022,0.2986165680047559,spot
AAPL,2021-07-01,2020,2020-10-30,244,292.3291152232763,382.55239572228464,83.0203901065672,133.92742919921875,1.1827426761730266,16.0,0.32807683580894764,65.23161835519555,29.085786933940607,1.2427317680401444,5.0,"{'roic_persistence': 5.0, 'gm_stability': 5.0, 'capex_intensity': 4.0}",0.18377608561797848,0.1291378440014746,-3.1928,False,0.03782221960512211,,12,2.4,0.30997834356529996,0.03787711340506875,0.35583762140158876,normalized
AAPL,2021-07-01,2020,2020-10-30,244,333.76017849377354,382.55239572228464,104.46062411419129,133.92745971679688,1.492096685769618,16.0,0.33744739595065615,74.62100270631284,30.76049048185144,1.4258716794629434,5.0,"{'roic_persistence': 5.0, 'gm_stability': 5.0, 'capex_intensity': 4.0}",0.18377607824734074,0.12913783663083686,-3.1928,False,0.03782208794611841,,12,2.4,0.3099780450651527,0.037876990840907045,0.35583719851841217,spot
AAPL,2021-10-01,2020,2020-10-30,336,303.67364152025004,382.55239572228464,85.17394198585211,139.38499450683594,1.1786681026511558,16.0,0.32923305375781037,67.80259069515706,30.0535971104067,1.2560557541938622,5.0,"{'roic_persistence': 5.0, 'gm_stability': 5.0, 'capex_intensity': 4.0}",0.19033388938897056,0.13569564777246668,-3.1928,False,0.16346657375646356,,12,2.4,0.2496055988487898,0.06284517284847344,0.23338389126778172,normalized
AAPL,2021-10-01,2020,2020-10-30,336,337.8372831598709,382.55239572228464,107.58658933547497,139.38497924804688,1.4237710905610714,16.0,0.33849987363772693,75.54498340407547,30.8510624939636,1.4486995680896502,5.0,"{'roic_persistence': 5.0, 'gm_stability': 5.0, 'capex_intensity': 4.0}",0.19033382629301743,0.13569558467651355,-3.1928,False,0.16346659457676327,,12,2.4,0.24960573564594218,0.0628451797282767,0.23338413576136974,spot
AAPL,2022-01-03,2021,2021-10-29,66,438.971237587362,539.8832696481221,129.72078216606533,178.10365295410156,1.4646953069541344,18.0,0.5173548422422002,61.033704267884985,33.099301816731376,0.8439574528134922,5.0,"{'roic_persistence': 5.0, 'gm_stability': 5.0, 'capex_intensity': 4.0}",0.14718201838932438,0.0538832866652485,-2.1973,False,0.2627008676159046,D8: AR growth (63.0%) exceeds revenue growth (33.3%) by 29.8%. Investigate recognition timing.,13,2.6,-0.23459482920145053,-0.28376331936024746,0.07583119927424142,normalized
AAPL,2022-01-03,2021,2021-10-29,66,483.6409794279748,539.8832696481221,163.70843418536228,178.1036376953125,1.7155030951998558,18.0,0.5264973934390574,67.29946805896435,33.662453085969034,0.9992443179078854,5.0,"{'roic_persistence': 5.0, 'gm_stability': 5.0, 'capex_intensity': 4.0}",0.14718196140597983,0.053883229681903955,-2.1973,False,0.26270103263418276,D8: AR growth (63.0%) exceeds revenue growth (33.3%) by 29.8%. Investigate recognition timing.,13,2.6,-0.23459476362639434,-0.2837633008344614,0.07583129144462912,spot
AAPL,2022-04-01,2021,2021-10-29,154,367.0775246878095,539.8832696481221,118.01548353526131,170.78627014160156,1.1493386112563955,18.0,0.5129877437773759,50.94927116998168,27.977052163916454,0.8211093460265896,5.0,"{'roic_persistence': 5.0, 'gm_stability': 5.0, 'capex_intensity': 4.0}",0.14049514040205988,0.047196408677984,-2.1973,False,0.2252844773274758,D8: AR growth (63.0%) exceeds revenue growth (33.3%) by 29.8%. Investigate recognition timing.,13,2.6,-0.13792338167667012,-0.08646228430820979,-0.0056317320412710165,normalized
AAPL,2022-04-01,2021,2021-10-29,154,442.56422277720975,539.8832696481221,132.0367849379061,170.7862548828125,1.5913339635024006,18.0,0.5181271204689809,61.53768740225726,33.146871631135674,0.8565156943635488,5.0,"{'roic_persistence': 5.0, 'gm_stability': 5.0, 'capex_intensity': 4.0}",0.14049508316898415,0.047196351444908274,-2.1973,False,0.22528450198987726,D8: AR growth (63.0%) exceeds revenue growth (33.3%) by 29.8%. Investigate recognition timing.,13,2.6,-0.13792330465498423,-0.08646220268876498,-0.005631643200072047,spot
AAPL,2022-07-01,2021,2021-10-29,245,301.60891060359006,539.8832696481221,107.03809543210275,136.3214569091797,1.2124830341604145,19.0,0.508022828711788,41.76607792376292,23.11929066595219,0.8065466855032832,5.0,"{'roic_persistence': 5.0, 'gm_stability': 5.0, 'capex_intensity': 4.0}",0.10447222224069035,0.011173490516614468,-2.1973,False,-0.21545645010048764,D8: AR growth (63.0%) exceeds revenue growth (33.3%) by 29.8%. Investigate recognition timing.,13,2.6,-0.09001330092815472,0.34151215983321176,0.5263244318338905,normalized
AAPL,2022-07-01,2021,2021-10-29,245,252.6248598790894,448.17364515673574,97.30453074029681,136.3214569091797,0.8531555164305027,19.0,0.5026798684072987,34.89515190710697,19.479459338322812,0.7913819527042097,5.0,"{'roic_persistence': 5.0, 'gm_stability': 5.0, 'capex_intensity': 4.0}",0.10447218112886646,0.011173449404790578,-2.1973,False,-0.21545665678650805,D8: AR growth (63.0%) exceeds revenue growth (33.3%) by 29.8%. Investigate recognition timing.,13,2.6,-0.0900133568943592,0.3415122717656207,0.5263245437662994,spot
AAPL,2022-10-03,2021,2021-10-29,339,254.57611007945994,453.10659471404017,97.72170940508073,139.96949768066406,0.8187970543429912,19.0,0.5029308090699901,35.168851112632765,19.624568880256824,0.792082737064057,5.0,"{'roic_persistence': 5.0, 'gm_stability': 5.0, 'capex_intensity': 4.0}",0.1087044527583351,0.015405721034259218,-2.1973,False,-0.16861180544207444,D8: AR growth (63.0%) exceeds revenue growth (33.3%) by 29.8%. Investigate recognition timing.,13,2.6,0.16129013268337075,0.2053536008396779,0.6197153157824107,normalized
AAPL,2022-10-03,2021,2021-10-29,339,158.5655654017607,242.0684795425106,73.48626003352832,139.9695281982422,0.13285775441909395,17.0,0.4835778625187847,21.70158289895367,12.463947193517777,0.7411484950963354,5.0,"{'roic_persistence': 5.0, 'gm_stability': 5.0, 'capex_intensity': 4.0}",0.10870444634947624,0.015405714625400357,-2.1973,False,-0.16861169952627497,D8: AR growth (63.0%) exceeds revenue growth (33.3%) by 29.8%. Investigate recognition timing.,13,2.6,0.16128955244186688,0.2053535560664002,0.6197150716507053,spot
AAPL,2023-01-02,2022,2022-10-28,66,188.81962615887204,299.1682325732044,86.20605520140097,127.87931823730469,0.4765454552117715,19.0,0.5804095024014121,23.245846441481298,16.643875984734695,0.3966606373900976,5.0,"{'roic_persistence': 5.0, 'gm_stability': 5.0, 'capex_intensity': 4.0}",0.07581226743154755,-0.012813158049625697,-2.8846,False,-0.08811710037154497,,14,2.8,0.49722809517440014,0.4982068918117689,0.9792674811492454,normalized
AAPL,2023-01-02,2022,2022-10-28,66,109.7543299382726,151.22778286527196,60.6928732796026,127.87931823730469,-0.14173510266451123,16.0,0.5518094724262773,13.35772152073693,9.755306443949449,0.36927748989595444,5.0,"{'roic_persistence': 5.0, 'gm_stability': 5.0, 'capex_intensity': 4.0}",0.07581222779497479,-0.012813197686198458,-2.8846,False,-0.0881170011518363,,14,2.8,0.4972282144961894,0.4982068918117689,0.9792673618274561,spot
AAPL,2023-04-03,2022,2022-10-28,157,196.460412625191,315.62675671026574,88.24795410613588,163.7970733642578,0.19941344854370674,18.0,0.5819637989794849,24.201424358509456,17.308084660463987,0.3982728206658007,5.0,"{'roic_persistence': 5.0, 'gm_stability': 5.0, 'capex_intensity': 4.0}",0.11503630055905385,0.026410875077880605,-2.8846,False,0.13866006124063257,,14,2.8,0.03314877445420675,0.03746323222885239,0.32678081773851947,normalized
AAPL,2023-04-03,2022,2022-10-28,157,109.36547733037683,150.588239613503,60.54335044202411,163.7970428466797,-0.33231103913916743,15.0,0.5515678200310847,13.309090536646229,9.721310741668837,0.3690633794472745,5.0,"{'roic_persistence': 5.0, 'gm_stability': 5.0, 'capex_intensity': 4.0}",0.1150362294294615,0.02641080394828825,-2.8846,False,0.1386597283111508,,14,2.8,0.03314887378694862,0.03746351867879977,0.3267811580921996,spot
AAPL,2023-07-03,2022,2022-10-28,248,205.3875481670814,335.41830195604615,90.55697463912098,189.9740447998047,0.08113478545724244,16.0,0.5836347445932498,25.317876653538374,18.083922829090156,0.4000212726417709,5.0,"{'roic_persistence': 5.0, 'gm_stability': 5.0, 'capex_intensity': 4.0}",0.13842870159317094,0.049803276111997696,-2.8846,False,0.5275442913883965,,14,2.8,0.003034182991852541,0.11834679114827554,0.05482934768840733,normalized
AAPL,2023-07-03,2022,2022-10-28,248,105.47398463296106,144.22986737045227,59.03123550317608,189.9740447998047,-0.4447979209785741,14.0,0.5490521782514242,12.822409682218641,9.380989206381146,0.36685048880522836,5.0,"{'roic_persistence': 5.0, 'gm_stability': 5.0, 'capex_intensity': 4.0}",0.1384286586838806,0.04980323320270735,-2.8846,False,0.5275440102600735,,14,2.8,0.003034182991852541,0.11834671082788714,0.05482942800879573,spot
AAPL,2023-10-02,2022,2022-10-28,339,216.1156879254768,360.0430220227327,93.22830266655818,171.73728942871094,0.25840863474899306,18.0,0.5854619641980099,26.659567523857024,19.01604030762716,0.40195156786474173,5.0,"{'roic_persistence': 5.0, 'gm_stability': 5.0, 'capex_intensity': 4.0}",0.12251011964813893,0.033884694166965684,-2.8846,False,0.06390606298300061,,14,2.8,-0.01050353288212546,0.31616836110253466,0.42678948642711334,normalized
AAPL,2023-10-02,2022,2022-10-28,339,108.34965436495843,148.9211288164838,60.15140430892732,171.73728942871094,-0.36909651523331544,15.0,0.5509284248096344,13.182048903217158,9.632492927330004,0.36849816580878014,5.0,"{'roic_persistence': 5.0, 'gm_stability': 5.0, 'capex_intensity': 4.0}",0.12251007755881149,0.033884652077638244,-2.8846,False,0.06390606298300061,,14,2.8,-0.010503444032527837,0.3161684499521323,0.42678948642711334,spot
AAPL,2024-01-01,2023,2023-11-03,59,205.7848156980151,343.32614151397456,90.81525840172765,190.5504608154297,0.0799491894031244,15.0,0.5713417075418553,25.464910746393272,19.895705702335547,0.27991995495811733,4.0,"{'roic_persistence': 5.0, 'gm_stability': 4.0, 'capex_intensity': 4.0}",0.1410145140635874,0.06449028403147844,-2.7493,False,0.008958200745751821,,15,3.0,0.09684098586513441,0.35193953514257587,0.4348649874698859,normalized
AAPL,2024-01-01,2023,2023-11-03,59,105.97160690682632,144.52888074351122,60.20364311946915,190.5504608154297,-0.4438659111432317,13.0,0.5394134570377753,12.92079172531963,10.195229345966357,0.26733703449561086,4.0,"{'roic_persistence': 5.0, 'gm_stability': 4.0, 'capex_intensity': 4.0}",0.14101447098644723,0.06449024095433828,-2.7493,False,0.00895828226430262,,15,3.0,0.09684106594255326,0.35193969529741354,0.4348649874698859,spot
COST,2020-01-01,2019,2019-10-11,82,380.85461393422014,430.1150625536818,131.74612107001317,267.9638366699219,0.42129109161605727,15.0,0.18893117736270135,26.660502194186318,24.744382518199163,0.07743655250147681,5.0,"{'roic_persistence': 5.0, 'gm_stability': 5.0, 'capex_intensity': 5.0}",0.07164019613356555,0.01467603687360032,-2.897,False,0.10050425872300783,"D7: Buybacks (247,000,000) largely offset by SBC (595,000,000). Net capital return to shareholders is only -348,000,000.",10,2.0,0.030607909059921494,0.2837061175160487,0.9351434445716308,normalized
COST,2020-01-01,2019,2019-10-11,82,315.84257844644367,430.1150625536818,119.262098047959,267.9637145996094,0.1786766686615565,14.0,0.18450366577863703,22.037717510552923,20.696512192362206,0.06480344638386328,5.0,"{'roic_persistence': 5.0, 'gm_stability': 5.0, 'capex_intensity': 5.0}",0.07164013249551157,0.014675973235546341,-2.897,False,0.10050368842607016,"D7: Buybacks (247,000,000) largely offset by SBC (595,000,000). Net capital return to shareholders is only -348,000,000.",10,2.0,0.030608378551209566,0.28370647453173947,0.935144553896159,spot
COST,2020-04-01,2019,2019-10-11,173,431.772394424519,430.1150625536818,169.74261428566354,262.0054626464844,0.6479518788014574,15.0,0.19850422966510597,30.281092351210663,25.878149488871088,0.1701413334919123,5.0,"{'roic_persistence': 5.0, 'gm_stability': 5.0, 'capex_intensity': 5.0}",0.06796379971282476,0.010999640452859533,-2.897,False,-0.012552258425440055,"D7: Buybacks (247,000,000) largely offset by SBC (595,000,000). Net capital return to shareholders is only -348,000,000.",10,2.0,0.22453655306482695,0.2701719606378041,1.0329918425418982,normalized
COST,2020-04-01,2019,2019-10-11,173,460.0576835493086,430.1150625536818,198.31229928992028,262.0055236816406,0.7559083376742792,15.0,0.20334864085586868,32.29236303912513,26.451888483179154,0.22079612802163262,5.0,"{'roic_persistence': 5.0, 'gm_stability': 5.0, 'capex_intensity': 5.0}",0.06796384855795616,0.01099968929799093,-2.897,False,-0.012551914824608157,"D7: Buybacks (247,000,000) largely offset by SBC (595,000,000). Net capital return to shareholders is only -348,000,000.",10,2.0,0.22453615132765556,0.27017178122339597,1.032991601902626,spot
COST,2020-07-01,2019,2019-10-11,264,446.1441244489049,430.1150625536818,183.40712180881886,279.0592346191406,0.5987434533668141,15.0,0.20100383545366163,31.303017183060252,26.174185736584143,0.19594999050180373,5.0,"{'roic_persistence': 5.0, 'gm_stability': 5.0, 'capex_intensity': 5.0}",0.07825897374037702,0.02129481448041179,-2.897,False,0.04922463142024114,"D7: Buybacks (247,000,000) largely offset by SBC (595,000,000). Net capital return to shareholders is only -348,000,000.",10,2.0,0.2545749973234438,0.3393574712225098,0.5827118200330635,normalized
COST,2020-07-01,2019,2019-10-11,264,460.0576835493086,430.1150625536818,198.31229928992028,279.0592956542969,0.6486018946999544,15.0,0.20334864085586868,32.29236303912513,26.451888483179154,0.22079612802163262,5.0,"{'roic_persistence': 5.0, 'gm_stability': 5.0, 'capex_intensity': 5.0}",0.07825902024919158,0.021294860989226352,-2.897,False,0.04922498129419495,"D7: Buybacks (247,000,000) largely offset by SBC (595,000,000). Net capital return to shareholders is only -348,000,000.",10,2.0,0.254574832284674,0.3393573969990863,0.582711255148747,spot
COST,2020-10-01,2019,2019-10-11,356,446.8472353019847,430.1150625536818,184.11822938709986,328.94744873046875,0.35841526367368204,14.0,0.20112406200455496,31.35301300395906,26.18842454862599,0.19720882582087354,5.0,"{'roic_persistence': 5.0, 'gm_stability': 5.0, 'capex_intensity': 5.0}",0.10492858775370031,0.047964428493735084,-2.897,False,0.24736471428515228,"D7: Buybacks (247,000,000) largely offset by SBC (595,000,000). Net capital return to shareholders is only -348,000,000.",10,2.0,0.005163675497149537,0.34969454353160556,0.4320069208967478,normalized
COST,2020-10-01,2019,2019-10-11,356,460.0576835493086,430.1150625536818,198.31229928992028,328.9473876953125,0.39857527604212806,14.0,0.20334864085586868,32.29236303912513,26.451888483179154,0.22079612802163262,5.0,"{'roic_persistence': 5.0, 'gm_stability': 5.0, 'capex_intensity': 5.0}",0.104928569048095,0.04796440978812977,-2.897,False,0.24736419414491673,"D7: Buybacks (247,000,000) largely offset by SBC (595,000,000). Net capital return to shareholders is only -348,000,000.",10,2.0,0.005164047548981589,0.3496949795100598,0.43200709382770935,spot
COST,2021-01-01,2020,2020-10-07,86,595.1471125927856,575.2375487186596,243.54987123208926,355.4977722167969,0.6741233253913075,16.0,0.2074443411507855,36.60711842189973,26.658406415615932,0.3731923000639697,5.0,"{'roic_persistence': 5.0, 'gm_stability': 5.0, 'capex_intensity': 5.0}",0.08886507442810333,0.027584853452875438,-1.5642,True,0.26979018125080256,"D7: Buybacks (196,000,000) largely offset by SBC (619,000,000). Net capital return to shareholders is only -423,000,000.; Beneish M-Score -1.564 > -1.78 threshold. Mandatory fundamental review before deployment.",11,2.2,0.05446258637365716,0.5068991190708931,0.234945017796023,normalized
COST,2021-01-01,2020,2020-10-07,86,603.4609362694866,575.2375487186596,252.42726441844238,355.4976806640625,0.6975101923090856,16.0,0.20851509675746444,37.128377552395676,26.78390805698551,0.38621957159505055,5.0,"{'roic_persistence': 5.0, 'gm_stability': 5.0, 'capex_intensity': 5.0}",0.08886504279550912,0.027584821820281227,-1.5642,True,0.26978985423676116,"D7: Buybacks (196,000,000) largely offset by SBC (619,000,000). Net capital return to shareholders is only -423,000,000.; Beneish M-Score -1.564 > -1.78 threshold. Mandatory fundamental review before deployment.",11,2.2,0.05446302962293247,0.506899335459305,0.23494533583633476,spot
COST,2021-04-01,2020,2020-10-07,176,601.501199178071,575.2375487186596,250.2889798511561,335.55255126953125,0.7925692917617473,16.0,0.20826403702071036,37.00550618874928,26.754481725852703,0.38315167409843975,5.0,"{'roic_persistence': 5.0, 'gm_stability': 5.0, 'capex_intensity': 5.0}",0.07932686321563087,0.018046642240402977,-1.5642,True,0.02999286383794364,"D7: Buybacks (196,000,000) largely offset by SBC (619,000,000). Net capital return to shareholders is only -423,000,000.; Beneish M-Score -1.564 > -1.78 threshold. Mandatory fundamental review before deployment.",11,2.2,0.2654214231314844,0.576869606942403,0.3929436401777982,normalized
COST,2021-04-01,2020,2020-10-07,176,603.4609362694866,575.2375487186596,252.42726441844238,335.55255126953125,0.798409620151447,16.0,0.20851509675746444,37.128377552395676,26.78390805698551,0.38621957159505055,5.0,"{'roic_persistence': 5.0, 'gm_stability': 5.0, 'capex_intensity': 5.0}",0.07932687389833133,0.018046652923103437,-1.5642,True,0.02999276735336376,"D7: Buybacks (196,000,000) largely offset by SBC (619,000,000). Net capital return to shareholders is only -423,000,000.; Beneish M-Score -1.564 > -1.78 threshold. Mandatory fundamental review before deployment.",11,2.2,0.26542151407872355,0.5768697888368812,0.3929436401777982,spot
COST,2021-07-01,2020,2020-10-07,267,603.4609362694866,575.2375487186596,252.42726441844238,373.779052734375,0.6144857017932848,15.0,0.20851509675746444,37.128377552395676,26.78390805698551,0.38621957159505055,5.0,"{'roic_persistence': 5.0, 'gm_stability': 5.0, 'capex_intensity': 5.0}",0.09711810612947329,0.035837885154245394,-1.5642,True,0.051424458734524725,"D7: Buybacks (196,000,000) largely offset by SBC (619,000,000). Net capital return to shareholders is only -423,000,000.; Beneish M-Score -1.564 > -1.78 threshold. Mandatory fundamental review before deployment.",11,2.2,0.43617337437842874,0.23588005282825136,0.3356033380818668,normalized
COST,2021-07-01,2020,2020-10-07,267,603.4609362694866,575.2375487186596,252.42726441844238,373.7790222167969,0.6144858336096539,15.0,0.20851509675746444,37.128377552395676,26.78390805698551,0.38621957159505055,5.0,"{'roic_persistence': 5.0, 'gm_stability': 5.0, 'capex_intensity': 5.0}",0.0971181036521181,0.03583788267689021,-1.5642,True,0.051424643667393743,"D7: Buybacks (196,000,000) largely offset by SBC (619,000,000). Net capital return to shareholders is only -423,000,000.; Beneish M-Score -1.564 > -1.78 threshold. Mandatory fundamental review before deployment.",11,2.2,0.43617365492838783,0.2358799904408813,0.3356032838365084,spot
COST,2021-10-01,2020,2020-10-07,359,603.4609362694866,575.2375487186596,252.42726441844238,425.5455322265625,0.41808782038440273,15.0,0.20851509675746444,37.128377552395676,26.78390805698551,0.38621957159505055,5.0,"{'roic_persistence': 5.0, 'gm_stability': 5.0, 'capex_intensity': 5.0}",0.11835580919214428,0.057075588216916384,-1.5642,True,0.26819340403329184,"D7: Buybacks (196,000,000) largely offset by SBC (619,000,000). Net capital return to shareholders is only -423,000,000.; Beneish M-Score -1.564 > -1.78 threshold. Mandatory fundamental review before deployment.",11,2.2,0.28984882399057504,0.0782750570915263,0.2555557563547939,normalized
COST,2021-10-01,2020,2020-10-07,359,603.4609362694866,575.2375487186596,252.42726441844238,425.54559326171875,0.4180876169908932,15.0,0.20851509675746444,37.128377552395676,26.78390805698551,0.38621957159505055,5.0,"{'roic_persistence': 5.0, 'gm_stability': 5.0, 'capex_intensity': 5.0}",0.11835584384200715,0.05707562286677925,-1.5642,True,0.26819358592777,"D7: Buybacks (196,000,000) largely offset by SBC (619,000,000). Net capital return to shareholders is only -423,000,000.; Beneish M-Score -1.564 > -1.78 threshold. Mandatory fundamental review before deployment.",11,2.2,0.28984806527810186,0.07827483072268066,0.2555552894169207,spot
COST,2022-01-03,2021,2021-10-06,89,770.4309202229772,749.3145724662172,317.8705314984216,538.7797241210938,0.42995529662845766,16.0,0.2640243067069484,39.8993871689715,28.11849935852889,0.41897284987469424,5.0,"{'roic_persistence': 5.0, 'gm_stability': 5.0, 'capex_intensity': 5.0}",0.12614048101496497,0.04407730889076375,-2.7427,False,0.40528540140785374,"D7: Buybacks (496,000,000) largely offset by SBC (665,000,000). Net capital return to shareholders is only -169,000,000.; D8: Revenue growing 17.5% but cash collection ratio is only 4.6%. Revenue quality concern.",12,2.4,-0.14014631996154686,-0.18903071550100953,0.20204881025112018,normalized
COST,2022-01-03,2021,2021-10-06,89,770.4309202229772,749.3145724662172,317.8705314984216,538.7796020507812,0.4299556206108231,16.0,0.2640243067069484,39.8993871689715,28.11849935852889,0.41897284987469424,5.0,"{'roic_persistence': 5.0, 'gm_stability': 5.0, 'capex_intensity': 5.0}",0.12614045639573865,0.044077284271537426,-2.7427,False,0.4052850830149737,"D7: Buybacks (496,000,000) largely offset by SBC (665,000,000). Net capital return to shareholders is only -169,000,000.; D8: Revenue growing 17.5% but cash collection ratio is only 4.6%. Revenue quality concern.",12,2.4,-0.14014618178811003,-0.18903053176117676,0.20204919588121711,spot
COST,2022-04-01,2021,2021-10-06,177,768.6299154336839,749.3145724662172,315.7824001231953,548.032470703125,0.4025262306949306,16.0,0.2638333816821454,39.805115844421685,28.099597718561192,0.41657244502573115,5.0,"{'roic_persistence': 5.0, 'gm_stability': 5.0, 'capex_intensity': 5.0}",0.12885664372183467,0.046793471597633446,-2.7427,False,0.2878350944860817,"D7: Buybacks (496,000,000) largely offset by SBC (665,000,000). Net capital return to shareholders is only -169,000,000.; D8: Revenue growing 17.5% but cash collection ratio is only 4.6%. Revenue quality concern.",12,2.4,-0.14879422614903012,-0.13714856190536012,0.3382933710392424,normalized
COST,2022-04-01,2021,2021-10-06,177,770.4309202229772,749.3145724662172,317.8705314984216,548.0322875976562,0.4058130107629667,16.0,0.2640243067069484,39.8993871689715,28.11849935852889,0.41897284987469424,5.0,"{'roic_persistence': 5.0, 'gm_stability': 5.0, 'capex_intensity': 5.0}",0.12885660200353705,0.046793429879335824,-2.7427,False,0.2878344794904404,"D7: Buybacks (496,000,000) largely offset by SBC (665,000,000). Net capital return to shareholders is only -169,000,000.; D8: Revenue growing 17.5% but cash collection ratio is only 4.6%. Revenue quality concern.",12,2.4,-0.1487938860632093,-0.13714827361428567,0.3382937068108437,spot
COST,2022-07-01,2021,2021-10-06,268,713.4916223579079,749.3145724662172,260.86385841189497,463.271728515625,0.5401147500280574,17.0,0.2577539662090903,36.918971425167506,27.497733596221458,0.3426187033189036,5.0,"{'roic_persistence': 5.0, 'gm_stability': 5.0, 'capex_intensity': 5.0}",0.10199511288866718,0.019931940764465958,-2.7427,False,-0.14164572775528805,"D7: Buybacks (496,000,000) largely offset by SBC (665,000,000). Net capital return to shareholders is only -169,000,000.; D8: Revenue growing 17.5% but cash collection ratio is only 4.6%. Revenue quality concern.",12,2.4,-0.06416526267139765,0.08547801625349594,0.8416862488215135,normalized
COST,2022-07-01,2021,2021-10-06,268,667.9579088585793,749.3145724662172,225.64526014658628,463.2716979980469,0.44182757493075997,17.0,0.2523573318473687,34.535566612047866,26.96346502745825,0.2808282087216375,5.0,"{'roic_persistence': 5.0, 'gm_stability': 5.0, 'capex_intensity': 5.0}",0.10199511351832462,0.019931941394123395,-2.7427,False,-0.14164559016192302,"D7: Buybacks (496,000,000) largely offset by SBC (665,000,000). Net capital return to shareholders is only -169,000,000.; D8: Revenue growing 17.5% but cash collection ratio is only 4.6%. Revenue quality concern.",12,2.4,-0.0641652668982227,0.0854782195063966,0.8416863701408261,spot
COST,2022-10-03,2021,2021-10-06,362,678.6786959032669,749.3145724662172,233.28295258726675,456.39990234375,0.48702638282359134,17.0,0.25366127857113036,35.09673269052103,27.092556180045683,0.2954382176891309,5.0,"{'roic_persistence': 5.0, 'gm_stability': 5.0, 'capex_intensity': 5.0}",0.09959823122027979,0.017535059096078567,-2.7427,False,-0.18033287163277578,"D7: Buybacks (496,000,000) largely offset by SBC (665,000,000). Net capital return to shareholders is only -169,000,000.; D8: Revenue growing 17.5% but cash collection ratio is only 4.6%. Revenue quality concern.",12,2.4,0.04375595774932679,0.19925227905643159,0.9687587928623622,normalized
COST,2022-10-03,2021,2021-10-06,362,360.6206341678601,598.0711385740481,154.12403177357746,456.3999328613281,-0.2098582663958662,13.0,0.23414757999357283,18.448384534097297,15.272932386198708,0.20791371739248105,5.0,"{'roic_persistence': 5.0, 'gm_stability': 5.0, 'capex_intensity': 5.0}",0.099598253106056,0.017535080981854773,-2.7427,False,-0.1803326371284938,"D7: Buybacks (496,000,000) largely offset by SBC (665,000,000). Net capital return to shareholders is only -169,000,000.; D8: Revenue growing 17.5% but cash collection ratio is only 4.6%. Revenue quality concern.",12,2.4,0.043755821091808644,0.1992523325991238,0.9687586612195946,spot
COST,2023-01-02,2022,2022-10-05,89,734.1884465857893,892.7580037336896,237.81741181877737,436.9050598144531,0.6804301760606477,16.0,0.23109179661736456,33.39228834603899,26.04461937468066,0.28211850077952694,5.0,"{'roic_persistence': 5.0, 'gm_stability': 5.0, 'capex_intensity': 5.0}",0.06910436140215111,-0.028880258285737523,-2.4472,False,-0.07010375356046572,"D7: Buybacks (439,000,000) largely offset by SBC (724,000,000). Net capital return to shareholders is only -285,000,000.; D8: Revenue growing 15.8% but cash collection ratio is only 3.3%. Revenue quality concern.",13,2.6,0.18388182031857636,0.4968558317829666,1.166258454839362,normalized
COST,2023-01-02,2022,2022-10-05,89,292.69910601405667,436.1006086949568,140.26905932681632,436.90509033203125,-0.3300624952856089,12.0,0.2022262763378523,13.134837129216322,10.875386031635017,0.2077582433404083,5.0,"{'roic_persistence': 5.0, 'gm_stability': 5.0, 'capex_intensity': 5.0}",0.06910438330066354,-0.02888023638722509,-2.4472,False,-0.07010356780907945,"D7: Buybacks (439,000,000) largely offset by SBC (724,000,000). Net capital return to shareholders is only -285,000,000.; D8: Revenue growing 15.8% but cash collection ratio is only 3.3%. Revenue quality concern.",13,2.6,0.1838815979261979,0.49685614632508796,1.1662581638285208,spot
COST,2023-04-03,2022,2022-10-05,180,766.0600580457174,892.7580037336896,245.0432278362538,476.52349853515625,0.6076018504871279,16.0,0.2323546609919951,34.85469650636946,27.01016559912736,0.29042883422734495,5.0,"{'roic_persistence': 5.0, 'gm_stability': 5.0, 'capex_intensity': 5.0}",0.08303385223152823,-0.014950767456360398,-2.4472,False,0.03846201934613047,"D7: Buybacks (439,000,000) largely offset by SBC (724,000,000). Net capital return to shareholders is only -285,000,000.; D8: Revenue growing 15.8% but cash collection ratio is only 3.3%. Revenue quality concern.",13,2.6,0.14119457266033938,0.5185405158029711,0.8949615625561569,normalized
COST,2023-04-03,2022,2022-10-05,180,290.57835621447794,432.1715639233804,139.58227160100498,476.5234375,-0.39021182727349496,12.0,0.2018887902670225,13.037527904145524,10.801829810368469,0.20697401579416214,5.0,"{'roic_persistence': 5.0, 'gm_stability': 5.0, 'capex_intensity': 5.0}",0.08303384258319642,-0.014950777104692212,-2.4472,False,0.03846188633549863,"D7: Buybacks (439,000,000) largely offset by SBC (724,000,000). Net capital return to shareholders is only -285,000,000.; D8: Revenue growing 15.8% but cash collection ratio is only 3.3%. Revenue quality concern.",13,2.6,0.14119484691368145,0.5185407103041233,0.8949618052709238,spot
COST,2023-07-03,2022,2022-10-05,271,775.8556658324753,892.7580037336896,251.16191306903443,519.7994995117188,0.4926056422933971,16.0,0.23336998948245888,35.30416159792162,27.118838807528327,0.3018316104346255,5.0,"{'roic_persistence': 5.0, 'gm_stability': 5.0, 'capex_intensity': 5.0}",0.09692636964665911,-0.0010582500412295165,-2.4472,False,0.1895745526661241,"D7: Buybacks (439,000,000) largely offset by SBC (724,000,000). Net capital return to shareholders is only -285,000,000.; D8: Revenue growing 15.8% but cash collection ratio is only 3.3%. Revenue quality concern.",13,2.6,0.2524165447938946,0.61890811781276,0.8753436166359123,normalized
COST,2023-07-03,2022,2022-10-05,271,272.3425317465641,398.9270873256789,133.5475883851742,519.7994995117188,-0.4760623432642913,12.0,0.19878197208219855,12.200788960281297,10.168689861875334,0.19983883135474037,5.0,"{'roic_persistence': 5.0, 'gm_stability': 5.0, 'capex_intensity': 5.0}",0.09692638070335012,-0.0010582389845385093,-2.4472,False,0.18957446958592894,"D7: Buybacks (439,000,000) largely offset by SBC (724,000,000). Net capital return to shareholders is only -285,000,000.; D8: Revenue growing 15.8% but cash collection ratio is only 3.3%. Revenue quality concern.",13,2.6,0.2524165447938946,0.6189082352333353,0.8753436166359123,spot
COST,2023-10-02,2022,2022-10-05,362,782.5430443761687,892.7580037336896,255.46114007257023,549.9182739257812,0.42301698539623955,16.0,0.23405572551540046,35.61100761246381,27.19223489117597,0.3096020887940982,5.0,"{'roic_persistence': 5.0, 'gm_stability': 5.0, 'capex_intensity': 5.0}",0.10590346297508545,0.007918843287196817,-2.4472,False,0.1537891481191025,"D7: Buybacks (439,000,000) largely offset by SBC (724,000,000). Net capital return to shareholders is only -285,000,000.; D8: Revenue growing 15.8% but cash collection ratio is only 3.3%. Revenue quality concern.",13,2.6,0.31586869098202514,0.6239738881654223,0.722339667615294,normalized
COST,2023-10-02,2022,2022-10-05,362,275.4835933812188,404.585231614042,134.60384932428212,549.9182739257812,-0.4990463011629271,12.0,0.19934484297173075,12.344914530222916,10.277833115886189,0.2011203520265075,5.0,"{'roic_persistence': 5.0, 'gm_stability': 5.0, 'capex_intensity': 5.0}",0.10590347415758422,0.007918854469695591,-2.4472,False,0.1537892958716116,"D7: Buybacks (439,000,000) largely offset by SBC (724,000,000). Net capital return to shareholders is only -285,000,000.; D8: Revenue growing 15.8% but cash collection ratio is only 3.3%. Revenue quality concern.",13,2.6,0.31586869098202514,0.6239738881654223,0.722339667615294,spot
COST,2024-01-01,2023,2023-10-11,82,848.673466108422,950.7000002696499,288.94762975236176,651.0054931640625,0.3036348771553981,17.0,0.24579063785914282,36.29188689616528,27.165326156320003,0.3359635988659752,5.0,"{'roic_persistence': 5.0, 'gm_stability': 5.0, 'capex_intensity': 5.0}",0.12482216609085894,0.03792317747396312,-2.9394,False,0.2522081961893501,"D7: Buybacks (676,000,000) largely offset by SBC (774,000,000). Net capital return to shareholders is only -98,000,000.",14,2.8,0.2916703934362353,0.4569811722663841,0.3106104457928944,normalized
COST,2024-01-01,2023,2023-10-11,82,325.8217363955436,483.6534059934954,160.10742784645012,651.0054931640625,-0.49951000442106563,13.0,0.21356070952434172,13.489169108475334,11.051427205050949,0.22058163694099514,5.0,"{'roic_persistence': 5.0, 'gm_stability': 5.0, 'capex_intensity': 5.0}",0.1248221775969799,0.03792318898008408,-2.9394,False,0.2522077551578661,"D7: Buybacks (676,000,000) largely offset by SBC (774,000,000). Net capital return to shareholders is only -98,000,000.",14,2.8,0.2916703934362353,0.4569811722663841,0.3106104457928944,spot
LLY,2020-01-01,2018,2019-02-19,316,166.9073998134082,150.9538972319646,91.7392260105971,122.06867218017578,0.3673237926849042,15.0,0.16224832364438277,30.86116672120318,27.008502602911616,0.14264634270676793,5.0,"{'roic_persistence': 5.0, 'gm_stability': 5.0, 'capex_intensity': 4.0}",0.09791139043922653,0.0689847703617264,-2.7456,False,0.178221244940024,,10,2.0,0.2503490515653804,0.2934791311258245,1.0869399182551516,normalized
LLY,2020-01-01,2018,2019-02-19,316,157.55225673852996,150.9538972319646,80.8789749909215,122.06867980957031,0.2906853501185953,14.0,0.15799800734258268,29.15772416962832,26.37862202785425,0.10535433347653664,5.0,"{'roic_persistence': 5.0, 'gm_stability': 5.0, 'capex_intensity': 4.0}",0.09791144795917055,0.06898482788167042,-2.7456,False,0.17822166563595432,,10,2.0,0.25034922342086324,0.29347905028229754,1.0869394128146463,spot
LLY,2020-04-01,2019,2020-02-19,42,165.7115947121361,154.7359496698682,85.26016905109542,127.35997772216797,0.3011276986372521,16.0,0.2320656551745468,24.05703465475647,28.994897286770033,-0.1703010906773117,5.0,"{'roic_persistence': 5.0, 'gm_stability': 5.0, 'capex_intensity': 4.0}",0.0451309766696558,,-2.2642,False,0.2746373066272283,Sloan Accrual Ratio 0.278 > 0.05. Earnings outrunning cash — expect mean reversion.,11,2.2,0.09604574330808952,0.38422927916046934,1.1613069701444176,normalized
LLY,2020-04-01,2019,2020-02-19,42,178.20509503988075,154.7359496698682,105.41147052270081,127.3599853515625,0.39922358304271316,16.0,0.2376991319527372,25.751453979112604,29.642911314853016,-0.1312778388872533,5.0,"{'roic_persistence': 5.0, 'gm_stability': 5.0, 'capex_intensity': 4.0}",0.045131029736195684,,-2.2642,False,0.2746376749624022,Sloan Accrual Ratio 0.278 > 0.05. Earnings outrunning cash — expect mean reversion.,11,2.2,0.09604567765037625,0.3842294358560498,1.161307080289802,spot
LLY,2020-07-01,2019,2020-02-19,133,173.43626066184754,154.7359496698682,96.91449302609061,153.17250061035156,0.13229372094044492,14.0,0.2355956503765859,25.1046852663565,29.40094962355126,-0.14612672081017716,5.0,"{'roic_persistence': 5.0, 'gm_stability': 5.0, 'capex_intensity': 4.0}",0.07027520648987234,,-2.2642,False,0.251568136178536,Sloan Accrual Ratio 0.278 > 0.05. Earnings outrunning cash — expect mean reversion.,11,2.2,0.02983031112897157,0.43621483012135603,0.8810818112565328,normalized
LLY,2020-07-01,2019,2020-02-19,133,178.20509503988075,154.7359496698682,105.41147052270081,153.1725311279297,0.16342723938565631,15.0,0.2376991319527372,25.751453979112604,29.642911314853016,-0.1312778388872533,5.0,"{'roic_persistence': 5.0, 'gm_stability': 5.0, 'capex_intensity': 4.0}",0.07027528031603926,,-2.2642,False,0.25156846355903073,Sloan Accrual Ratio 0.278 > 0.05. Earnings outrunning cash — expect mean reversion.,11,2.2,0.02983010594905619,0.4362143447381358,0.8810818349493914,spot
LLY,2020-10-01,2019,2020-02-19,225,176.26174166430084,154.7359496698682,101.81057140375201,136.00119018554688,0.29603087608149875,15.0,0.23684865476249778,25.487888490878472,29.54508164917065,-0.13732211697597618,5.0,"{'roic_persistence': 5.0, 'gm_stability': 5.0, 'capex_intensity': 4.0}",0.05404390674462232,,-2.2642,False,0.04307540674266597,Sloan Accrual Ratio 0.278 > 0.05. Earnings outrunning cash — expect mean reversion.,11,2.2,0.29760762232673404,0.6330628811438247,1.1193532035435085,normalized
LLY,2020-10-01,2019,2020-02-19,225,178.20509503988075,154.7359496698682,105.41147052270081,136.001220703125,0.3103198200616298,16.0,0.2376991319527372,25.751453979112604,29.642911314853016,-0.1312778388872533,5.0,"{'roic_persistence': 5.0, 'gm_stability': 5.0, 'capex_intensity': 4.0}",0.05404398278451713,,-2.2642,False,0.043075518730470774,Sloan Accrual Ratio 0.278 > 0.05. Earnings outrunning cash — expect mean reversion.,11,2.2,0.29760710676209606,0.6330625146976723,1.1193529523696686,spot
LLY,2021-01-01,2019,2020-02-19,317,172.4986958036839,154.7359496698682,95.3717659880515,159.95858764648438,0.07839596699186736,14.0,0.23517546727663974,24.977528907303004,29.352616320007225,-0.14905272378469683,5.0,"{'roic_persistence': 5.0, 'gm_stability': 5.0, 'capex_intensity': 4.0}",0.0762215418459241,,-2.2642,False,0.04067117287980926,Sloan Accrual Ratio 0.278 > 0.05. Earnings outrunning cash — expect mean reversion.,11,2.2,0.37110292180345295,0.6739491556175562,1.2264582259774497,normalized
LLY,2021-01-01,2019,2020-02-19,317,178.20509503988075,154.7359496698682,105.41147052270081,159.95863342285156,0.11406987685869106,14.0,0.2376991319527372,25.751453979112604,29.642911314853016,-0.1312778388872533,5.0,"{'roic_persistence': 5.0, 'gm_stability': 5.0, 'capex_intensity': 4.0}",0.0762216280467771,,-2.2642,False,0.040671264076618696,Sloan Accrual Ratio 0.278 > 0.05. Earnings outrunning cash — expect mean reversion.,11,2.2,0.37110252942631483,0.6739484857888196,1.226457207249532,spot
LLY,2021-04-01,2020,2021-02-17,43,220.54382286348385,193.94938844510318,131.7775388736055,176.2288360595703,0.25146274466077634,15.0,0.2713983398754301,23.693746615437806,30.414703467107724,-0.22097722764051808,5.0,"{'roic_persistence': 5.0, 'gm_stability': 5.0, 'capex_intensity': 4.0}",0.04378069397682742,0.028523279607074167,-2.3458,False,0.28757876284294626,D8: AR growth (29.2%) exceeds revenue growth (9.9%) by 19.3%. Investigate recognition timing.,12,2.4,0.20545195120791823,0.5838902558268949,0.836855340477238,normalized
LLY,2021-04-01,2020,2021-02-17,43,220.92301608576304,193.94938844510318,132.52499188337273,176.2288360595703,0.2536144539426274,15.0,0.27153808662556683,23.7325663375748,30.429289534988946,-0.2200749113683367,5.0,"{'roic_persistence': 5.0, 'gm_stability': 5.0, 'capex_intensity': 4.0}",0.04378073920542149,0.02852332483566824,-2.3458,False,0.2875794805727039,D8: AR growth (29.2%) exceeds revenue growth (9.9%) by 19.3%. Investigate recognition timing.,12,2.4,0.20545186462283146,0.5838900826567214,0.836855340477238,spot
LLY,2021-07-01,2020,2021-02-17,134,220.92301608576304,193.94938844510318,132.52499188337273,220.85812377929688,0.0002938189700959781,14.0,0.27153808662556683,23.7325663375748,30.429289534988946,-0.2200749113683367,5.0,"{'roic_persistence': 5.0, 'gm_stability': 5.0, 'capex_intensity': 4.0}",0.07494809974713829,0.05969068537738503,-2.3458,False,0.3807206416913558,D8: AR growth (29.2%) exceeds revenue growth (9.9%) by 19.3%. Investigate recognition timing.,12,2.4,0.2037512648404142,0.42867308758132944,1.011297513817384,normalized
LLY,2021-07-01,2020,2021-02-17,134,220.92301608576304,193.94938844510318,132.52499188337273,220.85812377929688,0.0002938189700959781,14.0,0.27153808662556683,23.7325663375748,30.429289534988946,-0.2200749113683367,5.0,"{'roic_persistence': 5.0, 'gm_stability': 5.0, 'capex_intensity': 4.0}",0.07494814690732882,0.059690732537575564,-2.3458,False,0.3807202465618542,D8: AR growth (29.2%) exceeds revenue growth (9.9%) by 19.3%. Investigate recognition timing.,12,2.4,0.20375140301770922,0.42867308758132944,1.011297513817384,spot
LLY,2021-10-01,2020,2021-02-17,226,220.92301608576304,193.94938844510318,132.52499188337273,220.09495544433594,0.0037622881440212055,14.0,0.27153808662556683,23.7325663375748,30.429289534988946,-0.2200749113683367,5.0,"{'roic_persistence': 5.0, 'gm_stability': 5.0, 'capex_intensity': 4.0}",0.07446781486124933,0.059210400491496076,-2.3458,False,0.24891567331204323,D8: AR growth (29.2%) exceeds revenue growth (9.9%) by 19.3%. Investigate recognition timing.,12,2.4,0.2720300956528232,0.35826842537542786,1.456273485364087,normalized
LLY,2021-10-01,2020,2021-02-17,226,220.92301608576304,193.94938844510318,132.52499188337273,220.09495544433594,0.0037622881440212055,14.0,0.27153808662556683,23.7325663375748,30.429289534988946,-0.2200749113683367,5.0,"{'roic_persistence': 5.0, 'gm_stability': 5.0, 'capex_intensity': 4.0}",0.07446786199233096,0.05921044762257771,-2.3458,False,0.24891567331204323,D8: AR growth (29.2%) exceeds revenue growth (9.9%) by 19.3%. Investigate recognition timing.,12,2.4,0.27202995699640525,0.3582687026882637,1.4562732080512513,spot
LLY,2022-01-03,2020,2021-02-17,320,220.92301608576304,193.94938844510318,132.52499188337273,261.3380126953125,-0.15464645266384688,13.0,0.27153808662556683,23.7325663375748,30.429289534988946,-0.2200749113683367,5.0,"{'roic_persistence': 5.0, 'gm_stability': 5.0, 'capex_intensity': 4.0}",0.09839617000060114,0.08313875563084788,-2.3458,False,0.15975135737319324,D8: AR growth (29.2%) exceeds revenue growth (9.9%) by 19.3%. Investigate recognition timing.,12,2.4,0.20400515021619603,0.3691393870093667,1.1487826740486744,normalized
LLY,2022-01-03,2020,2021-02-17,320,220.92301608576304,193.94938844510318,132.52499188337273,261.33807373046875,-0.1546466500950329,13.0,0.27153808662556683,23.7325663375748,30.429289534988946,-0.2200749113683367,5.0,"{'roic_persistence': 5.0, 'gm_stability': 5.0, 'capex_intensity': 4.0}",0.09839625125531896,0.08313883688556571,-2.3458,False,0.15975139263529292,D8: AR growth (29.2%) exceeds revenue growth (9.9%) by 19.3%. Investigate recognition timing.,12,2.4,0.20400475224808098,0.36913883370004363,1.1487821722033658,spot
LLY,2022-04-01,2021,2022-02-23,37,251.01409124497903,218.49879255106546,143.70193877095898,282.6522216796875,-0.11193306830102341,13.0,0.2011202464768567,29.66610025243553,29.45825021091539,0.007055749748609397,5.0,"{'roic_persistence': 5.0, 'gm_stability': 5.0, 'capex_intensity': 4.0}",0.13353503984696505,0.08608517321626755,-2.5942,False,0.2842285326760834,,13,2.6,0.15010783908525507,0.1578088108462712,1.687625108670444,normalized
LLY,2022-04-01,2021,2022-02-23,37,252.2220692828879,218.49879255106546,145.7968818364291,282.6522216796875,-0.10765934269317094,13.0,0.2014829205685633,29.803027309290496,29.50656665551391,0.01004727717859322,5.0,"{'roic_persistence': 5.0, 'gm_stability': 5.0, 'capex_intensity': 4.0}",0.13353509022762156,0.08608522359692405,-2.5942,False,0.2842285326760834,,13,2.6,0.15010783908525507,0.1578088108462712,1.6876248927331485,spot
LLY,2022-07-01,2021,2022-02-23,128,238.50801137955665,218.49879255106546,124.61750484211429,314.6523132324219,-0.2419950486638256,12.0,0.19726256411367094,28.248507667946335,28.944319107366017,-0.024039654788168965,5.0,"{'roic_persistence': 5.0, 'gm_stability': 5.0, 'capex_intensity': 4.0}",0.14882411685785718,0.10137425022715968,-2.5942,False,0.184433933274172,,13,2.6,0.13157697952781658,0.4110053734401743,1.781770126784014,normalized
LLY,2022-07-01,2021,2022-02-23,128,222.27016632814346,218.49879255106546,105.2677567173852,314.65228271484375,-0.2936006552681595,12.0,0.191950280272364,26.407911015704304,28.2366019757057,-0.06476313833990262,5.0,"{'roic_persistence': 5.0, 'gm_stability': 5.0, 'capex_intensity': 4.0}",0.14882415425749063,0.10137428762679312,-2.5942,False,0.18443368233477986,,13,2.6,0.13157718626576376,0.41100531631460896,1.7817703965830647,spot
LLY,2022-10-03,2021,2022-02-23,222,231.37356093339827,218.49879255106546,115.48514427763551,312.607421875,-0.25985902847208825,12.0,0.19497298972877586,27.439801490174126,28.63929568150889,-0.04188281041105435,5.0,"{'roic_persistence': 5.0, 'gm_stability': 5.0, 'capex_intensity': 4.0}",0.1478919552064656,0.10044208857576808,-2.5942,False,0.05835362094472929,,13,2.6,0.07445838930367686,0.7115130345818624,1.916225281934335,normalized
LLY,2022-10-03,2021,2022-02-23,222,150.53694331561348,210.88599965984912,71.07861632213911,312.60736083984375,-0.518447221104505,12.0,0.1757601509570189,18.276787106506585,20.870312022431456,-0.12426862200897354,5.0,"{'roic_persistence': 5.0, 'gm_stability': 5.0, 'capex_intensity': 4.0}",0.14789197851255437,0.10044211188185687,-2.5942,False,0.058353304957715624,,13,2.6,0.07445869670947032,0.711512978256103,1.9162262418048175,spot
LLY,2023-01-02,2021,2022-02-23,313,222.13805670690854,218.49879255106546,105.12981058221678,356.6576843261719,-0.3771673330785212,12.0,0.19190553982379321,26.392936089794862,28.23064152952519,-0.06509612747582633,5.0,"{'roic_persistence': 5.0, 'gm_stability': 5.0, 'capex_intensity': 4.0}",0.1668084009734238,0.11935853434272631,-2.5942,False,0.11482073854295183,,13,2.6,0.2894195145204154,0.6033765498792286,1.1331545699783836,normalized
LLY,2023-01-02,2021,2022-02-23,313,101.49287523148199,131.59595316036226,56.535483612402174,356.65771484375,-0.7154333945196011,12.0,0.16329998778148172,12.717530490732539,14.059743154556182,-0.09546494904415714,5.0,"{'roic_persistence': 5.0, 'gm_stability': 5.0, 'capex_intensity': 4.0}",0.1668084655990277,0.1193585989683302,-2.5942,False,0.11482094027603251,,13,2.6,0.2894193186252028,0.60337624155469,1.1331545585849527,spot
LLY,2023-04-03,2022,2023-02-22,40,268.96663733323965,256.2013708767697,127.88605388907018,343.0429992675781,-0.21593899917064893,11.0,0.17419329185153387,29.379057848595107,28.819389110111022,0.0194198682125337,5.0,"{'roic_persistence': 5.0, 'gm_stability': 5.0, 'capex_intensity': 4.0}",0.15195064548993298,0.11506142013890686,-2.6785,False,0.06352501572698799,,14,2.8,0.5386943298597177,1.23662125395867,1.4236440484437407,normalized
LLY,2023-04-03,2022,2023-02-22,40,120.90816159810741,159.8020375679417,63.940810247836374,343.0429992675781,-0.6475422560546195,11.0,0.14410157671569768,13.913841029584704,14.556399288592578,-0.04414266511028095,5.0,"{'roic_persistence': 5.0, 'gm_stability': 5.0, 'capex_intensity': 4.0}",0.15195069752489226,0.11506147217386614,-2.6785,False,0.06352511634991931,,14,2.8,0.5386939740142034,1.23662125395867,1.4236440484437407,spot
LLY,2023-07-03,2022,2023-02-22,131,272.0722184909378,256.2013708767697,131.39414770112495,452.46807861328125,-0.398693009847719,11.0,0.1750255421884413,29.703446477576772,28.942899794067568,0.026277487360305683,5.0,"{'roic_persistence': 5.0, 'gm_stability': 5.0, 'capex_intensity': 4.0}",0.19149342277203585,0.15460419742100973,-2.6785,False,0.2782071187980788,,14,2.8,0.2683649531237164,0.9848073115698311,0.6767503858301036,normalized
LLY,2023-07-03,2022,2023-02-22,131,110.21665812416634,143.653658192392,60.2512268440483,452.468017578125,-0.756410058076346,11.0,0.14057980628989972,12.797076734094478,13.288440948101897,-0.03697681435515613,5.0,"{'roic_persistence': 5.0, 'gm_stability': 5.0, 'capex_intensity': 4.0}",0.1914934575830494,0.15460423223202327,-2.6785,False,0.27820683618015396,,14,2.8,0.26836512421835756,0.984807714202003,0.6767506120134311,spot
LLY,2023-10-02,2022,2023-02-22,222,274.8243691302093,256.2013708767697,134.62912460030955,528.9782104492188,-0.48046183434129924,11.0,0.17575560030326856,29.990918073806455,29.051244570983382,0.032345378544010005,5.0,"{'roic_persistence': 5.0, 'gm_stability': 5.0, 'capex_intensity': 4.0}",0.214140420327934,0.1772511949769079,-2.6785,False,0.49306286046233594,,14,2.8,0.45045154607034515,0.7006255726608467,0.41713974707327833,normalized
LLY,2023-10-02,2022,2023-02-22,222,111.59720158312064,145.71378726653796,60.742801114204156,528.9781494140625,-0.7890324927282263,11.0,0.14107140632564735,12.941279244722708,13.45200539953578,-0.037966543994302694,5.0,"{'roic_persistence': 5.0, 'gm_stability': 5.0, 'capex_intensity': 4.0}",0.2141404590159151,0.17725123366488899,-2.6785,False,0.49306268818808485,,14,2.8,0.45045171342798906,0.7006257688843536,0.41713991058730243,spot
LLY,2024-01-01,2022,2023-02-22,313,280.27762066258657,256.2013708767697,141.41858756376965,573.8946533203125,-0.5116218298236124,11.0,0.17718194535041257,30.560528944768592,29.262922289235092,0.04434303049804592,5.0,"{'roic_persistence': 5.0, 'gm_stability': 5.0, 'capex_intensity': 4.0}",0.22605494633245168,0.18916572098142556,-2.6785,False,0.2567080994386528,,14,2.8,0.5585548390939189,0.3712396133446918,0.8638519402426327,normalized
LLY,2024-01-01,2022,2023-02-22,313,124.50320790385847,165.3335865632612,65.12339146496464,573.8946533203125,-0.7830556406414741,11.0,0.1451532690187854,14.289355976073038,14.98333966862592,-0.04631702330062209,5.0,"{'roic_persistence': 5.0, 'gm_stability': 5.0, 'capex_intensity': 4.0}",0.22605500248764301,0.1891657771366169,-2.6785,False,0.2567082674028691,,14,2.8,0.5585548390939189,0.37123950699214797,0.8638519402426327,spot
MSFT,2020-01-01,2019,2019-08-01,153,158.5621115103513,226.32975405160445,79.44401343986551,149.3922576904297,0.06138105121165884,15.0,0.14100262319690193,21.3296446419879,16.0341818107043,0.330260869796823,4.0,"{'roic_persistence': 5.0, 'gm_stability': 4.0, 'capex_intensity': 3.0}",0.15686613741435432,0.08509660669244393,-2.6208,False,0.1583503970046971,,10,2.0,0.2652896342818003,0.4274550483317061,1.1149626513101227,normalized
MSFT,2020-01-01,2019,2019-08-01,153,139.89890962684655,194.3930049343669,73.44618381692446,149.39224243164062,-0.06354635722894425,14.0,0.13661275425864972,18.695411282509077,14.039898148734332,0.33159166002884644,4.0,"{'roic_persistence': 5.0, 'gm_stability': 4.0, 'capex_intensity': 3.0}",0.15686610493366018,0.08509657421174979,-2.6208,False,0.15835082688301205,,10,2.0,0.26528955923914543,0.42745529626977796,1.1149630716087011,spot
MSFT,2020-04-01,2019,2019-08-01,244,240.82950788960744,291.40350445475235,101.20056679384864,144.49034118652344,0.6667516036848388,17.0,0.15206423903391153,32.94134564015596,24.799384424669782,0.32831303697146474,4.0,"{'roic_persistence': 5.0, 'gm_stability': 4.0, 'capex_intensity': 3.0}",0.15144564662036772,0.07967611589845733,-2.6208,False,0.10805468590475309,,10,2.0,0.38407038563174395,0.5704625644146111,1.0357083756498224,normalized
MSFT,2020-04-01,2019,2019-08-01,244,273.17805351089373,291.40350445475235,134.20306173170175,144.49029541015625,0.8906325351155175,17.0,0.16141113433911797,37.50720837572064,26.146539714766238,0.4344998911859251,4.0,"{'roic_persistence': 5.0, 'gm_stability': 4.0, 'capex_intensity': 3.0}",0.15144557931891495,0.07967604859700456,-2.6208,False,0.10805446451828216,,10,2.0,0.38407061291438577,0.5704628507486708,1.0357085981711878,spot
MSFT,2020-07-01,2019,2019-08-01,335,255.52940338992397,291.40350445475235,114.19107959162095,194.98744201660156,0.3104915924183864,16.0,0.15645524531183624,35.01617477984454,25.43225417906384,0.3768411770856831,4.0,"{'roic_persistence': 5.0, 'gm_stability': 4.0, 'capex_intensity': 3.0}",0.1999699327259319,0.1282004020040215,-2.6208,False,0.2976344899705372,,10,2.0,0.10451488129032248,0.30721050823882906,0.26179202777873206,normalized
MSFT,2020-07-01,2019,2019-08-01,335,289.4375997219756,291.40350445475235,159.08760764790924,194.98741149902344,0.4843912101649966,16.0,0.1657061719712995,39.802175729477625,26.765577638956287,0.48706582261639897,4.0,"{'roic_persistence': 5.0, 'gm_stability': 4.0, 'capex_intensity': 3.0}",0.19996989078745692,0.12820036006554653,-2.6208,False,0.297634550418149,,10,2.0,0.10451489764799926,0.30721079108625726,0.26179214700718656,spot
MSFT,2020-10-01,2020,2020-07-30,63,346.5130531140092,396.05778809471747,153.22544703114082,202.86843872070312,0.7080678261198984,17.0,0.19571373087375224,39.40474855131217,27.092654332541333,0.45444400048992695,4.0,"{'roic_persistence': 5.0, 'gm_stability': 4.0, 'capex_intensity': 3.0}",0.16957443754040494,0.08737943000134321,-2.7652,False,0.3883294865466542,,11,2.2,0.09664137079390991,0.42189977635514087,0.14450824531525922,normalized
MSFT,2020-10-01,2020,2020-07-30,63,391.7255109826067,396.05778809471747,221.20907157768985,202.86849975585938,0.9309331485865273,17.0,0.20533858100873864,44.678276922413346,28.301491325223598,0.5786545100750221,4.0,"{'roic_persistence': 5.0, 'gm_stability': 4.0, 'capex_intensity': 3.0}",0.16957446948114793,0.0873794619420862,-2.7652,False,0.38832990424054326,,11,2.2,0.09664089042728986,0.4218994989917406,0.1445076753322066,spot
MSFT,2021-01-01,2020,2020-07-30,155,350.7128375676658,396.05778809471747,157.91777659092753,212.934814453125,0.6470431970854206,17.0,0.19665979928060812,39.89460651331982,27.211476181378035,0.466094902290578,4.0,"{'roic_persistence': 5.0, 'gm_stability': 4.0, 'capex_intensity': 3.0}",0.17731095530092045,0.09511594776185872,-2.7652,False,0.08378442167302302,,11,2.2,0.22359034420607649,0.5525607643367604,0.0899970877604534,normalized
MSFT,2021-01-01,2020,2020-07-30,155,396.6111914874631,396.05778809471747,223.88864124960227,212.93484497070312,0.8625941261141702,17.0,0.20631055010135768,45.24813700012417,28.42356618129131,0.5919232903965079,4.0,"{'roic_persistence': 5.0, 'gm_stability': 4.0, 'capex_intensity': 3.0}",0.1773109619111447,0.09511595437208298,-2.7652,False,0.08378457699978736,,11,2.2,0.22358988220480006,0.5525606851443844,0.08999707486217384,spot
MSFT,2021-04-01,2020,2020-07-30,245,359.77861528333136,396.05778809471747,168.9553782961182,232.54930114746094,0.5471068436158987,17.0,0.19866355045916964,40.95202825598656,27.463138130894652,0.4911634664910193,4.0,"{'roic_persistence': 5.0, 'gm_stability': 4.0, 'capex_intensity': 3.0}",0.19137667484218263,0.1091816673031209,-2.7652,False,0.18116361777433587,,11,2.2,0.174824385606342,0.2632702488282586,0.14380410267453814,normalized
MSFT,2021-04-01,2020,2020-07-30,245,406.3987547031359,396.05778809471747,229.25582590743244,232.54922485351562,0.7475816354972988,17.0,0.20822174601167426,46.3897469619583,28.66360361400475,0.6184199163043386,4.0,"{'roic_persistence': 5.0, 'gm_stability': 4.0, 'capex_intensity': 3.0}",0.19137660596458067,0.10918159842551894,-2.7652,False,0.18116332180536876,,11,2.2,0.1748249022692792,0.2632705320469758,0.14380434669921535,spot
MSFT,2021-07-01,2020,2020-07-30,336,365.16093114522937,396.05778809471747,176.17426914247972,261.2181396484375,0.39791567169371966,16.0,0.19982915298698606,41.57981530269922,27.609532457520746,0.5059949083409057,4.0,"{'roic_persistence': 5.0, 'gm_stability': 4.0, 'capex_intensity': 3.0}",0.20992608650797218,0.12773107896891045,-2.7652,False,0.2267516719579996,,11,2.2,0.2611516945425929,-0.006310928693363566,0.2501262910071924,normalized
MSFT,2021-07-01,2020,2020-07-30,336,412.09165484488346,396.05778809471747,232.37711996569814,261.2181701660156,0.5775765314602009,16.0,0.2093120483207735,47.053760196952176,28.800540578836557,0.6337804517297357,4.0,"{'roic_persistence': 5.0, 'gm_stability': 4.0, 'capex_intensity': 3.0}",0.2099260883026323,0.12773108076357056,-2.7652,False,0.2267516394602096,,11,2.2,0.26115189768864117,-0.006310927956070829,0.25012637861338566,spot
MSFT,2021-10-01,2021,2021-07-29,64,520.2282225681008,565.008097317384,253.72571542071654,278.58154296875,0.8674181247766929,17.0,0.25552959885858606,47.619380663568656,30.309863810095234,0.5710852731614117,4.0,"{'roic_persistence': 5.0, 'gm_stability': 4.0, 'capex_intensity': 3.0}",0.1767948105313284,0.08251518921475232,-2.5843,False,0.19794616278850796,,12,2.4,0.08988022207226551,-0.1717790648251203,0.12528131490618455,normalized
MSFT,2021-10-01,2021,2021-07-29,64,582.266353258827,565.008097317384,324.89773186002276,278.5815734863281,1.0901107922251103,17.0,0.26482181654103737,53.39382917886828,31.332061982689428,0.7041275230582559,4.0,"{'roic_persistence': 5.0, 'gm_stability': 4.0, 'capex_intensity': 3.0}",0.1767948111954758,0.08251518987889972,-2.5843,False,0.1979466870371578,,12,2.4,0.08987988358734744,-0.1717792103267974,0.1252814107283722,spot
MSFT,2022-01-03,2021,2021-07-29,158,518.855002144909,565.008097317384,251.5428345843388,323.1607360839844,0.6055632513786167,17.0,0.2553111435588645,47.49156264994394,30.285832452264405,0.5681115163269385,4.0,"{'roic_persistence': 5.0, 'gm_stability': 4.0, 'capex_intensity': 3.0}",0.19994318283047122,0.10566356151389514,-2.5843,False,0.20031577440391035,,12,2.4,-0.2211425348777935,-0.27328350582298355,0.13948444901760082,normalized
MSFT,2022-01-03,2021,2021-07-29,158,580.6759144380443,565.008097317384,324.03448034290307,323.16082763671875,0.7968635576426086,17.0,0.26459666304034923,53.245792689291754,31.30729378366292,0.7007472142826026,4.0,"{'roic_persistence': 5.0, 'gm_stability': 4.0, 'capex_intensity': 3.0}",0.19994321024215475,0.10566358892557867,-2.5843,False,0.20031611445818975,,12,2.4,-0.22114261387921091,-0.27328375892194917,0.1394841261971716,spot
MSFT,2022-04-01,2021,2021-07-29,246,494.18507326402306,565.008097317384,217.26734099232038,299.3253173828125,0.6509965731766049,17.0,0.2512812400544938,45.19530980330435,29.8425195490725,0.5144602562456564,4.0,"{'roic_persistence': 5.0, 'gm_stability': 4.0, 'capex_intensity': 3.0}",0.1879902847241908,0.09371066340761472,-2.5843,False,0.07446212765211602,,12,2.4,-0.21742485847688875,-0.09801757533319766,0.41277502749714223,normalized
MSFT,2022-04-01,2021,2021-07-29,246,526.3772865062807,565.008097317384,263.922371199135,299.32537841796875,0.7585454640978142,17.0,0.25650053872922285,48.19172951955398,30.416672862076243,0.5843853053250878,4.0,"{'roic_persistence': 5.0, 'gm_stability': 4.0, 'capex_intensity': 3.0}",0.18799029991796465,0.09371067860138857,-2.5843,False,0.07446222904135702,,12,2.4,-0.21742491609651995,-0.09801786121011462,0.41277473941951576,spot
MSFT,2022-07-01,2021,2021-07-29,337,468.3723284361935,565.008097317384,189.1671889487012,251.69615173339844,0.8608640823889226,17.0,0.24683531037230555,42.79268476629385,29.353441338475076,0.4578421750571121,4.0,"{'roic_persistence': 5.0, 'gm_stability': 4.0, 'capex_intensity': 3.0}",0.16098022343711027,0.06670060212053419,-2.5843,False,-0.22477840014226902,,12,2.4,-0.09203245631036354,0.2781278434478867,0.747163273782326,normalized
MSFT,2022-07-01,2021,2021-07-29,337,390.2184764113545,565.008097317384,163.5709889930525,251.69619750976562,0.55035507199593,17.0,0.24138141197323362,35.518200674573144,24.856179578659628,0.42894850603137086,4.0,"{'roic_persistence': 5.0, 'gm_stability': 4.0, 'capex_intensity': 3.0}",0.1609802356460236,0.06670061432944752,-2.5843,False,-0.22477818628545276,,12,2.4,-0.09203262144379061,0.27812773224051995,0.747162834775433,spot
MSFT,2022-10-03,2022,2022-07-28,67,509.44955220160995,762.4772772719049,203.89910529017362,233.9239044189453,1.177843061687329,19.0,0.25976988353816166,38.340436563161376,24.353420643480412,0.5743347566833651,5.0,"{'roic_persistence': 5.0, 'gm_stability': 5.0, 'capex_intensity': 3.0}",0.12325011563707479,0.00702458501378235,-2.5263,False,-0.19261136694951675,,13,2.6,0.20394037038865884,0.3154026855203149,0.8392195864997195,normalized
MSFT,2022-10-03,2022,2022-07-28,67,275.2389034371242,388.05268338110056,136.6103736433384,233.9239044189453,0.17661725987689525,18.0,0.24004833552544896,20.495905862958036,13.306613124956824,0.5402796842810097,5.0,"{'roic_persistence': 5.0, 'gm_stability': 5.0, 'capex_intensity': 3.0}",0.12325010016014573,0.007024569536853292,-2.5263,False,-0.1926116220796994,,13,2.6,0.2039402399292336,0.31540255506088966,0.8392197169591448,spot
MSFT,2023-01-02,2022,2022-07-28,158,409.6710127335818,620.6776964369785,178.3753062621234,233.6866912841797,0.7530780656883562,19.0,0.254086949511995,30.73830053667741,19.65218768080641,0.5641159669311734,5.0,"{'roic_persistence': 5.0, 'gm_stability': 5.0, 'capex_intensity': 3.0}",0.12309488332191099,0.006869352698618547,-2.5263,False,-0.09467572135321378,,13,2.6,0.4266499186967769,0.5787155128952599,0.8504089908312112,normalized
MSFT,2023-01-02,2022,2022-07-28,158,202.70195782131057,274.25400777760734,109.45083917353597,233.68666076660156,-0.1325908070389926,16.0,0.22491009720548324,14.969309357766859,9.870013724157685,0.5166452424608307,5.0,"{'roic_persistence': 5.0, 'gm_stability': 5.0, 'capex_intensity': 3.0}",0.12309484786684054,0.006869317243548098,-2.5263,False,-0.09467583958118919,,13,2.6,0.4266503661893991,0.5787154578789308,0.8504092324795824,spot
MSFT,2023-04-03,2022,2022-07-28,249,430.7008579182644,659.888462675231,184.09354832378946,280.58526611328125,0.5350088188321929,19.0,0.2555005516471903,32.34056636019233,20.64345015011228,0.5666260302915705,5.0,"{'roic_persistence': 5.0, 'gm_stability': 5.0, 'capex_intensity': 3.0}",0.15107475340538973,0.03484922278209729,-2.5263,False,0.15875207603774166,,13,2.6,0.1040285318446876,0.47677061822984834,0.38384830553289034,normalized
MSFT,2023-04-03,2022,2022-07-28,249,201.8375481343207,272.94348075543706,109.10329495287306,280.585205078125,-0.2806550577813898,15.0,0.22466526915220073,14.903449904840981,9.828959790200475,0.5162794662869411,5.0,"{'roic_persistence': 5.0, 'gm_stability': 5.0, 'capex_intensity': 3.0}",0.1510747041485304,0.03484917352523795,-2.5263,False,0.1587518239767014,,13,2.6,0.1040288807659076,0.47677093946890087,0.38384860655873215,spot
MSFT,2023-07-03,2022,2022-07-28,340,456.3972730220844,708.9269996044196,190.8247589785956,330.8927001953125,0.37929084791744166,18.0,0.25705336662669087,34.2983785716532,21.854349848062963,0.5694074090560605,5.0,"{'roic_persistence': 5.0, 'gm_stability': 5.0, 'capex_intensity': 3.0}",0.17633620550391685,0.06011067488062441,-2.5263,False,0.48222303681719403,,13,2.6,0.11719580340380414,0.35031346458979007,0.4344309512803647,normalized
MSFT,2023-07-03,2022,2022-07-28,340,192.96547521621198,259.5530424855069,105.50061607574385,330.8927001953125,-0.4168336892826215,14.0,0.2220276808296981,14.22748585966713,9.407406237942967,0.5123707321454131,5.0,"{'roic_persistence': 5.0, 'gm_stability': 5.0, 'capex_intensity': 3.0}",0.1763361890965137,0.06011065847322125,-2.5263,False,0.48222313812899387,,13,2.6,0.11719571117578549,0.35031355681780874,0.4344309512803647,spot
MSFT,2023-10-02,2023,2023-07-27,67,529.9755729293722,824.7095775463926,214.0280668286533,315.7096252441406,0.67868044098921,16.0,0.25653994314253475,37.75710259664589,23.86839211889812,0.581887142148599,4.0,"{'roic_persistence': 5.0, 'gm_stability': 5.0, 'capex_intensity': 2.0}",0.16110671205889598,0.05951834973527598,-2.6711,False,0.13661898806454653,,14,2.8,0.3124721065563621,0.35036504464449264,0.6337327563299328,normalized
MSFT,2023-10-02,2023,2023-07-27,67,213.76557151518404,289.26141422014166,115.40646486291232,315.70965576171875,-0.3229045497533874,12.0,0.22141283466745917,14.901275456942734,9.837026061141453,0.5148150837788514,4.0,"{'roic_persistence': 5.0, 'gm_stability': 5.0, 'capex_intensity': 2.0}",0.16110671053409917,0.05951834821047916,-2.6711,False,0.13661922281383299,,14,2.8,0.3124719796883068,0.35036491411357606,0.6337325984077213,spot
MSFT,2024-01-01,2023,2023-07-27,158,581.5556085856648,824.7095775463926,226.0807197443444,369.67193603515625,0.5731667781520698,16.0,0.25868823831237625,41.48533501670701,26.149530195354615,0.5864657875986146,4.0,"{'roic_persistence': 5.0, 'gm_stability': 5.0, 'capex_intensity': 2.0}",0.18520850956098542,0.08362014723736541,-2.6711,False,0.11666737187728815,,14,2.8,0.19291619783364056,0.17377435420744447,0.31146943759024087,normalized
MSFT,2024-01-01,2023,2023-07-27,158,233.14486256125184,318.85314356048735,123.0722621289639,369.6719055175781,-0.36931949904381994,12.0,0.22624359397378302,16.302020924378947,10.70224209528519,0.5232341764685652,4.0,"{'roic_persistence': 5.0, 'gm_stability': 5.0, 'capex_intensity': 2.0}",0.1852084802474829,0.0836201179238629,-2.6711,False,0.11666727969289314,,14,2.8,0.19291629631262347,0.1737743685530638,0.3114695458561665,spot
