,2010,2011,2012,2013,2014,2015,2016,2017,2018,2019,2020,2021,2022,2023,2024,2025
Revenue,62484000000.0,69943000000.0,73723000000.0,77849000000.0,86833000000.0,93580000000.0,91154000000.0,96571000000.0,110360000000.0,125843000000.0,143015000000.0,168088000000.0,198270000000.0,211915000000.0,245122000000.0,281724000000.0
period_end_date,2010-06-30,2011-06-30,2012-06-30,2013-06-30,2014-06-30,2015-06-30,2016-06-30,2017-06-30,2018-06-30,2019-06-30,2020-06-30,2021-06-30,2022-06-30,2023-06-30,2024-06-30,2025-06-30
COGS,12395000000.0,15577000000.0,17530000000.0,20249000000.0,26934000000.0,33038000000.0,32780000000.0,34261000000.0,38353000000.0,42910000000.0,46078000000.0,52232000000.0,62650000000.0,65863000000.0,74114000000.0,87831000000.0
SellingAndMarketing,13214000000.0,13940000000.0,13857000000.0,15276000000.0,15811000000.0,15713000000.0,14697000000.0,15539000000.0,17469000000.0,18213000000.0,19598000000.0,20117000000.0,21825000000.0,22759000000.0,24456000000.0,25654000000.0
GeneralAndAdministrative,4004000000.0,4222000000.0,4569000000.0,5149000000.0,4821000000.0,4611000000.0,4563000000.0,4481000000.0,4754000000.0,4885000000.0,5111000000.0,5107000000.0,5900000000.0,7575000000.0,7609000000.0,7223000000.0
R&D,8714000000.0,9043000000.0,9811000000.0,10411000000.0,11381000000.0,12046000000.0,11988000000.0,13037000000.0,14726000000.0,16876000000.0,19269000000.0,20716000000.0,24512000000.0,27195000000.0,29510000000.0,32488000000.0
OperatingExpenses,38386000000.0,27205000000.0,34430000000.0,30836000000.0,32140000000.0,42381000000.0,,,,,,,,57529000000.0,61575000000.0,65365000000.0
OperatingIncome,24098000000.0,27161000000.0,21763000000.0,26764000000.0,27759000000.0,18161000000.0,20182000000.0,22326000000.0,35058000000.0,42959000000.0,52959000000.0,69916000000.0,83383000000.0,88523000000.0,109433000000.0,128528000000.0
NetIncome,18760000000.0,23150000000.0,16978000000.0,21863000000.0,22074000000.0,12193000000.0,16798000000.0,21204000000.0,16571000000.0,39240000000.0,44281000000.0,61271000000.0,72738000000.0,72361000000.0,88136000000.0,101832000000.0
PretaxIncome,25013000000.0,28071000000.0,22267000000.0,27052000000.0,27820000000.0,18507000000.0,19751000000.0,23149000000.0,36474000000.0,43688000000.0,53036000000.0,71102000000.0,83716000000.0,89311000000.0,107787000000.0,123627000000.0
Depreciation_Tangible,1800000000.0,2000000000.0,2200000000.0,2600000000.0,3400000000.0,4100000000.0,4900000000.0,6100000000.0,7700000000.0,9700000000.0,10700000000.0,9300000000.0,12600000000.0,11000000000.0,15200000000.0,22000000000.0
IntangibleAmortization,707000000.0,537000000.0,558000000.0,739000000.0,845000000.0,1300000000.0,978000000.0,1700000000.0,2200000000.0,1900000000.0,1600000000.0,1600000000.0,2000000000.0,2500000000.0,4800000000.0,6000000000.0
CapitalizedSoftwareAmortization,97000000.0,114000000.0,117000000.0,210000000.0,200000000.0,79000000.0,,,,,,,,,,
SBC,1891000000.0,2166000000.0,2244000000.0,2406000000.0,2446000000.0,2574000000.0,2668000000.0,3266000000.0,3940000000.0,4652000000.0,5289000000.0,6118000000.0,7502000000.0,9611000000.0,10734000000.0,11974000000.0
InterestExpense,151000000.0,295000000.0,380000000.0,429000000.0,597000000.0,781000000.0,1243000000.0,2222000000.0,2733000000.0,2686000000.0,2591000000.0,2346000000.0,2063000000.0,1968000000.0,2935000000.0,
NonOperatingIncome,915000000.0,910000000.0,504000000.0,288000000.0,61000000.0,346000000.0,-431000000.0,823000000.0,1416000000.0,729000000.0,77000000.0,1186000000.0,333000000.0,788000000.0,-1646000000.0,-4901000000.0
OtherNonOperatingIncome,14000000.0,-31000000.0,1000000.0,194000000.0,-169000000.0,-267000000.0,-195000000.0,-251000000.0,-59000000.0,-57000000.0,-40000000.0,98000000.0,-32000000.0,-223000000.0,-1319000000.0,-4725000000.0
TaxExpense,6253000000.0,4921000000.0,5289000000.0,5189000000.0,5746000000.0,6314000000.0,2953000000.0,1945000000.0,19903000000.0,4448000000.0,8755000000.0,9831000000.0,10978000000.0,16950000000.0,19651000000.0,21795000000.0
CashTaxesPaid,4100000000.0,5300000000.0,3500000000.0,3900000000.0,5500000000.0,4400000000.0,3900000000.0,2400000000.0,5500000000.0,8400000000.0,12500000000.0,13400000000.0,16000000000.0,23100000000.0,23400000000.0,28700000000.0
TotalAssets,86113000000.0,108704000000.0,121271000000.0,142431000000.0,172384000000.0,176223000000.0,193694000000.0,241086000000.0,258848000000.0,286556000000.0,301311000000.0,333779000000.0,364840000000.0,411976000000.0,512163000000.0,619003000000.0
CurrentAssets,55676000000.0,74918000000.0,85084000000.0,101466000000.0,114246000000.0,124712000000.0,139660000000.0,159851000000.0,169662000000.0,175552000000.0,181915000000.0,184406000000.0,169684000000.0,184257000000.0,159734000000.0,191131000000.0
Cash,5505000000.0,9610000000.0,6938000000.0,3804000000.0,8669000000.0,5595000000.0,6510000000.0,7663000000.0,11946000000.0,11356000000.0,13576000000.0,14224000000.0,13931000000.0,34704000000.0,18315000000.0,30242000000.0
ShortTermInvestments,31283000000.0,43162000000.0,56102000000.0,73218000000.0,77040000000.0,90931000000.0,106730000000.0,125318000000.0,121822000000.0,122463000000.0,122951000000.0,116110000000.0,90826000000.0,76558000000.0,57228000000.0,64323000000.0
AccountsReceivable,13014000000.0,14987000000.0,15780000000.0,17486000000.0,19544000000.0,17908000000.0,18277000000.0,19792000000.0,26481000000.0,29524000000.0,32011000000.0,38043000000.0,44261000000.0,48688000000.0,56924000000.0,69905000000.0
Inventory,740000000.0,1372000000.0,1137000000.0,1938000000.0,2660000000.0,2902000000.0,2251000000.0,2181000000.0,2662000000.0,2063000000.0,1895000000.0,2636000000.0,3742000000.0,2500000000.0,1246000000.0,938000000.0
PPE,7630000000.0,8162000000.0,8269000000.0,9991000000.0,13011000000.0,14731000000.0,18356000000.0,23734000000.0,29460000000.0,36477000000.0,44151000000.0,59715000000.0,74398000000.0,95641000000.0,135591000000.0,204966000000.0
PPE_Gross,16259000000.0,17991000000.0,19231000000.0,22504000000.0,27804000000.0,32337000000.0,38156000000.0,47913000000.0,58683000000.0,71807000000.0,87348000000.0,111066000000.0,134058000000.0,163892000000.0,212012000000.0,298619000000.0
AccumulatedDepreciation,8629000000.0,9829000000.0,10962000000.0,12513000000.0,14793000000.0,17606000000.0,19800000000.0,24179000000.0,29223000000.0,35330000000.0,43197000000.0,51351000000.0,59660000000.0,68251000000.0,76421000000.0,93653000000.0
Goodwill,12394000000.0,12581000000.0,13452000000.0,14655000000.0,20127000000.0,16939000000.0,17872000000.0,35122000000.0,35683000000.0,42026000000.0,43351000000.0,49711000000.0,67524000000.0,67886000000.0,119220000000.0,119509000000.0
IntangibleAssetsNet,1158000000.0,744000000.0,3170000000.0,3083000000.0,6981000000.0,4835000000.0,3733000000.0,10106000000.0,8053000000.0,7750000000.0,7038000000.0,7800000000.0,11298000000.0,9366000000.0,27597000000.0,22604000000.0
TotalLiabilities,39938000000.0,51621000000.0,54908000000.0,63487000000.0,82600000000.0,96140000000.0,121697000000.0,168692000000.0,176130000000.0,184226000000.0,183007000000.0,191791000000.0,198298000000.0,205753000000.0,243686000000.0,275524000000.0
LiabilitiesCurrent,26147000000.0,28774000000.0,32688000000.0,37417000000.0,45625000000.0,49858000000.0,59357000000.0,64527000000.0,58488000000.0,69420000000.0,72310000000.0,88657000000.0,95082000000.0,104149000000.0,125286000000.0,141218000000.0
LongTermDebt,4939000000.0,11921000000.0,10713000000.0,12601000000.0,20645000000.0,27808000000.0,40783000000.0,76073000000.0,72242000000.0,66662000000.0,59578000000.0,50074000000.0,47032000000.0,41990000000.0,42688000000.0,40152000000.0
ShortTermDebt,1000000000.0,,,,2000000000.0,5000000000.0,12900000000.0,9100000000.0,,,,,,,6693000000.0,
LongTermInvestments,7754000000.0,10865000000.0,9776000000.0,10844000000.0,14597000000.0,12053000000.0,10431000000.0,6023000000.0,1862000000.0,2649000000.0,2965000000.0,5984000000.0,6891000000.0,9879000000.0,14600000000.0,15405000000.0
AccountsPayable,4025000000.0,4197000000.0,4175000000.0,4828000000.0,7432000000.0,6591000000.0,6898000000.0,7390000000.0,8617000000.0,9382000000.0,12530000000.0,15163000000.0,19000000000.0,18095000000.0,21996000000.0,27724000000.0
DeferredRevenue,13652000000.0,15722000000.0,18653000000.0,20639000000.0,23150000000.0,23223000000.0,27468000000.0,34102000000.0,28905000000.0,32676000000.0,36000000000.0,41525000000.0,45538000000.0,50901000000.0,57582000000.0,64555000000.0
DeferredRevenueNoncurrent,1178000000.0,1398000000.0,1406000000.0,1760000000.0,2008000000.0,2095000000.0,6441000000.0,10377000000.0,3815000000.0,4530000000.0,3180000000.0,2616000000.0,2870000000.0,2912000000.0,2602000000.0,2710000000.0
TotalEquity,46175000000.0,57083000000.0,66363000000.0,78944000000.0,89784000000.0,80083000000.0,71997000000.0,72394000000.0,82718000000.0,102330000000.0,118304000000.0,141988000000.0,166542000000.0,206223000000.0,268477000000.0,343479000000.0
EquityParentOnly,46175000000.0,57083000000.0,66363000000.0,78944000000.0,89784000000.0,80083000000.0,71997000000.0,72394000000.0,82718000000.0,102330000000.0,118304000000.0,141988000000.0,166542000000.0,206223000000.0,268477000000.0,343479000000.0
OperatingCF,24073000000.0,26994000000.0,31626000000.0,28833000000.0,32231000000.0,29080000000.0,33325000000.0,39507000000.0,43884000000.0,52185000000.0,60675000000.0,76740000000.0,89035000000.0,87582000000.0,118548000000.0,136162000000.0
InvestingCF,-11314000000.0,-14616000000.0,-24786000000.0,-23811000000.0,-18833000000.0,-23001000000.0,-23950000000.0,-46781000000.0,-6061000000.0,-15773000000.0,-12223000000.0,-27577000000.0,-30311000000.0,-22680000000.0,-96970000000.0,-72599000000.0
FinancingCF,-13291000000.0,-8376000000.0,-9408000000.0,-8148000000.0,-8394000000.0,-9080000000.0,-8393000000.0,8408000000.0,-33590000000.0,-36887000000.0,-46031000000.0,-48486000000.0,-58876000000.0,-43935000000.0,-37757000000.0,-51699000000.0
CapEx,1977000000.0,2355000000.0,2305000000.0,4257000000.0,5485000000.0,5944000000.0,8343000000.0,8129000000.0,11632000000.0,13925000000.0,15441000000.0,20622000000.0,23886000000.0,28107000000.0,44477000000.0,64551000000.0
Buybacks,11269000000.0,11555000000.0,5029000000.0,5360000000.0,7316000000.0,14443000000.0,15969000000.0,11788000000.0,10721000000.0,19543000000.0,22968000000.0,27385000000.0,32696000000.0,22245000000.0,17254000000.0,18420000000.0
DividendsPaid,4578000000.0,5180000000.0,6385000000.0,7455000000.0,8879000000.0,9882000000.0,11006000000.0,11845000000.0,12699000000.0,13811000000.0,15137000000.0,16521000000.0,18135000000.0,19800000000.0,21771000000.0,24082000000.0
SharesDiluted,8927000000.0,8593000000.0,8506000000.0,8470000000.0,8399000000.0,8254000000.0,8013000000.0,7832000000.0,7794000000.0,7753000000.0,7683000000.0,7608000000.0,7540000000.0,7472000000.0,7469000000.0,7465000000.0
DilutedEPS,2.1,2.69,2.0,2.58,2.63,1.48,2.1,2.71,2.13,5.06,5.76,8.05,9.65,9.68,11.8,13.64
SharesBasic,8813000000.0,8490000000.0,8396000000.0,8375000000.0,8299000000.0,8177000000.0,7925000000.0,7746000000.0,7700000000.0,7673000000.0,7610000000.0,7547000000.0,7496000000.0,7446000000.0,7431000000.0,7433000000.0
SharesOutstanding,8668000000.0,8376000000.0,8381000000.0,8328000000.0,8239000000.0,8027000000.0,7808000000.0,7708000000.0,7677000000.0,7643000000.0,7571000000.0,7519000000.0,7464000000.0,7432000000.0,7434000000.0,7434000000.0
period_end_date_missing,False,False,False,False,False,False,False,False,False,False,False,False,False,False,False,False
SG&A,17218000000.0,18162000000.0,18426000000.0,20425000000.0,20632000000.0,20324000000.0,19260000000.0,20020000000.0,22223000000.0,23098000000.0,24709000000.0,25224000000.0,27725000000.0,30334000000.0,32065000000.0,32877000000.0
GoodwillImpairment,,,6193000000.0,,,,,,,,,,,,,
CurrentPortionLongTermDebt,,,1231000000.0,2999000000.0,,2499000000.0,,1049000000.0,3998000000.0,5516000000.0,3749000000.0,8072000000.0,2749000000.0,5247000000.0,2249000000.0,2999000000.0
NOL_Carryforward,,,2000000000.0,2700000000.0,3600000000.0,4600000000.0,8000000000.0,13700000000.0,,,,,,,,
RestructuringCharges,,,,,,2078000000.0,501000000.0,306000000.0,,,,,,,,
ImpairmentLoss,,,,,,7498000000.0,630000000.0,,,,,,,,,
FinanceLeaseAmortization,,,,,,,28000000.0,104000000.0,243000000.0,370000000.0,611000000.0,921000000.0,980000000.0,1352000000.0,1800000000.0,3408000000.0
FinanceLeasePrincipalPayments,,,,,,,6000000.0,46000000.0,144000000.0,221000000.0,409000000.0,648000000.0,896000000.0,1056000000.0,1286000000.0,2283000000.0
LeaseCost,,,,,,,936000000.0,1412000000.0,1585000000.0,1707000000.0,2043000000.0,2127000000.0,2461000000.0,2875000000.0,3555000000.0,5524000000.0
LeaseLiabilityNoncurrent_Operating,,,,,,,,5372000000.0,5568000000.0,6188000000.0,7671000000.0,9629000000.0,11489000000.0,12728000000.0,15497000000.0,17437000000.0
FinanceLeaseLiability_Total,,,,,,,,2538000000.0,4301000000.0,6574000000.0,9496000000.0,12541000000.0,14902000000.0,17067000000.0,27145000000.0,46172000000.0
ROU_Asset_Operating,,,,,,,,,6686000000.0,7379000000.0,8753000000.0,11088000000.0,13148000000.0,14346000000.0,18961000000.0,24823000000.0
FinanceLeaseLiabilityPaymentsDue,,,,,,,,,6034000000.0,8776000000.0,12023000000.0,15201000000.0,17668000000.0,20634000000.0,34149000000.0,60506000000.0
FinanceLeaseLiabilityUndiscountedExcessAmount,,,,,,,,,1733000000.0,2202000000.0,2527000000.0,2660000000.0,2766000000.0,3567000000.0,7004000000.0,14334000000.0
JVA_Investment,,,,,,,,,,,,,,,6000000000.0,6000000000.0
